clean_title,volume_count,page_count,num_of_unique_chrs,num_of_chrs,avg_chr_per_page,avg_chr_per_volume
#Zombie Sagashitemasu,1,173,684,19895,115.0,19895.0
14 Sai no Koi,12,2403,1445,170676,71.02621722846442,14223.0
20 Seiki Shounen,22,5200,1881,584190,112.34423076923076,26554.090909090908
20th Century Boys,22,4472,1997,614308,137.3676207513417,27923.090909090908
21 Seiki Shounen,2,438,947,43739,99.8607305936073,21869.5
21st Century Boys,2,393,1059,48084,122.35114503816794,24042.0
3-gatsu no Lion,15,2867,2059,528599,184.37356121381234,35239.933333333334
6000,4,741,1114,46946,63.35492577597841,11736.5
A Channel,11,1403,1695,296822,211.5623663578047,26983.81818181818
A Silent Voice,7,1354,1319,133587,98.66100443131462,19083.85714285714
ACCA Jusanku Kansatsuka,9,1895,1529,179453,94.69815303430079,19939.222222222223
AKIRA,6,2192,1693,177600,81.02189781021897,29600.0
APOSIMZ,9,1557,1338,94719,60.834296724470136,10524.333333333334
ARACHNID,14,3336,2017,235754,70.66966426858514,16839.571428571428
ARIA,7,2557,1637,231675,90.60422369964803,33096.42857142857
ARMS,22,4661,2083,590925,126.78073374812271,26860.227272727272
Abara,2,395,688,12622,31.954430379746835,6311.0
Acony,3,524,1158,61172,116.74045801526718,20390.666666666668
Adachi to Shimamura (Upscale),5,957,1178,92751,96.91849529780565,18550.2
Adam to Eve,2,518,728,18409,35.53861003861004,9204.5
Adolf ni Tsugu,5,1309,1938,276763,211.43086325439268,55352.6
Aharen-san wa Hakarenai,16,3224,1673,288941,89.62189826302729,18058.8125
Aho Girl,12,1912,1512,282338,147.6663179916318,23528.166666666668
Ai,12,2763,1442,228661,82.7582338038364,19055.083333333332
Ai Kurushii Kara Kowashitai,3,535,730,38814,72.54953271028037,12938.0
Ai to Noroi,3,665,1047,47909,72.0436090225564,15969.666666666666
Ajin,17,3437,1664,235102,68.40325865580448,13829.529411764706
Akatsuki no Yona,41,7893,2262,799604,101.30546053465096,19502.536585365855
Akazukin no Okamideshi,3,649,1228,91642,141.20493066255779,30547.333333333332
Ake! Mesu yuki chigoku No mon,1,198,972,30383,153.44949494949495,30383.0
Aku no Hana,11,2152,1255,116672,54.215613382899626,10606.545454545454
Aku no Kyouten,9,1626,1818,168552,103.66051660516605,18728.0
Akumetsu,18,3517,2079,311507,88.57179414273529,17305.944444444445
Alice to Zouroku,9,1604,1436,183550,114.43266832917706,20394.444444444445
All You Need Is Kill,2,437,966,34578,79.1258581235698,17289.0
Amaama to Inazuma,13,2508,1545,386122,153.9561403508772,29701.69230769231
Amaete Ii yo,1,239,615,29466,123.2887029288703,29466.0
Amanchu,17,3206,1747,271222,84.59825327510917,15954.235294117647
Ame no kubi,2,166,514,8702,52.42168674698795,4351.0
Ame to kimi,6,827,974,48130,58.19830713422007,8021.666666666667
Amemiya-san,1,170,636,13159,77.40588235294118,13159.0
Anata ga Shite Kurenakutemo,11,2020,1340,139684,69.15049504950495,12698.545454545454
Ane Ana,3,520,1074,61820,118.88461538461539,20606.666666666668
Ane naru mono,6,828,1241,59384,71.71980676328502,9897.333333333334
Ane x Otouto,4,716,774,37884,52.910614525139664,9471.0
Angel Densetsu,15,3065,1794,439969,143.54616639477976,29331.266666666666
Angel Heart,33,6039,2255,787120,130.33946017552574,23852.121212121212
Anna komunena,3,420,1391,76665,182.53571428571428,25555.0
Ano Hi Mita Hana no Namae wo Bokutachi wa Mada Shiranai,3,656,867,59102,90.09451219512195,19700.666666666668
Ano Ko ni Kiss to Shirayuri wo,10,1850,1394,205309,110.97783783783784,20530.9
Another,4,762,1148,78430,102.92650918635171,19607.5
Ao Haru Ride,13,2415,1376,269456,111.57598343685301,20727.384615384617
Ao no Flag,8,1246,1261,141326,113.42375601926163,17665.75
Ao no Futsumashi,15,2956,2147,390119,131.9753044654939,26007.933333333334
Ao no Haha,5,939,1195,74667,79.51757188498402,14933.4
Ao no Hako,14,2838,1655,226028,79.64341085271317,16144.857142857143
Ao no Shima to Neko Ippiki,9,1838,1464,177749,96.70783460282917,19749.88888888889
Aqua,2,360,896,26853,74.59166666666667,13426.5
Aria,12,1582,1650,202437,127.96270543615677,16869.75
Arigatou,4,894,1191,100437,112.34563758389261,25109.25
Arknights Rhodes Kitchen TIDBITS,2,345,1113,42514,123.22898550724638,21257.0
Asako,5,829,1060,80849,97.52593486127864,16169.8
Ase to Sekken,11,1973,1666,320746,162.56766345666497,29158.727272727272
Ashita no Joe,20,4660,1701,710494,152.4665236051502,35524.7
Asobi Asobase,15,2341,2015,415387,177.43998291328492,27692.466666666667
Asuperu Kanojo,12,2272,1668,168547,74.18441901408451,14045.583333333334
At Home Romance,1,126,796,39077,310.13492063492066,39077.0
Atashinchi,4,614,1014,80039,130.35667752442995,20009.75
Atsumare!Fushigi Kenkyubu,16,2593,1790,342999,132.2788276128037,21437.4375
Attack on Titan,34,6680,1988,564302,84.47634730538923,16597.117647058825
Ayako,3,723,1350,110277,152.52697095435684,36759.0
Ayame to Amane,1,118,737,17684,149.864406779661,17684.0
Azumanga Daiou,5,518,1001,61927,119.55019305019304,12385.4
Azumi,48,8127,2309,897574,110.44346007136704,18699.458333333332
BASARA,27,2685,2115,584820,217.81005586592178,21660.0
BIBLIOMANIA,1,331,634,14829,44.80060422960725,14829.0
BLAME!,10,2131,997,51168,24.011262318160487,5116.8
BLUE GIANT,10,2075,1415,213270,102.78072289156627,21327.0
BREAK-HANDS Inheritor of the Star Stone,3,518,985,37281,71.97104247104247,12427.0
BTOOOM!,25,4976,1909,432891,86.99577974276528,17315.64
Babylon made wa Nankounen,1,207,832,24483,118.27536231884058,24483.0
Bakemonogatari,22,3787,2099,431738,114.00528122524426,19624.454545454544
Bakuman,20,3923,2148,1112901,283.68620953352024,55645.05
Banana Fish,12,3749,1844,461614,123.1299013070152,38467.833333333336
Barakamon,18,3759,1895,460324,122.45916467145517,25573.555555555555
Baraou no Souretsu,17,2729,1956,289398,106.04543788933675,17023.41176470588
Basilisk,2,263,969,30928,117.59695817490494,15464.0
Battle Royale,15,3125,1769,304237,97.35584,20282.466666666667
Beastars,22,4316,2039,475614,110.19786839666358,21618.81818181818
Beautiful Place,1,271,755,19670,72.58302583025831,19670.0
Becchin to Mandara,1,347,889,26077,75.14985590778097,26077.0
Beck,34,6886,1898,525159,76.26474005227999,15445.85294117647
Beelzebub,28,4889,2089,597004,122.11167928001636,21321.571428571428
Believers,2,450,1053,49379,109.7311111111111,24689.5
Ben-To Zero Road to witch,1,168,701,15561,92.625,15561.0
Berserk,42,9542,2401,685479,71.83808425906518,16320.92857142857
Berusayu no Bara,7,1356,1268,199037,146.78244837758112,28433.85714285714
Billy Bat,17,3453,1705,355225,102.87431219229656,20895.58823529412
Biomega,3,635,848,18907,29.7748031496063,6302.333333333333
Biorg Trinity,14,3089,1749,253061,81.923276141146,18075.785714285714
Black Clover,35,6931,2547,897607,129.50613187130284,25645.914285714287
Black Jack ni Yoroshiku,13,2887,1580,257823,89.3048146865258,19832.53846153846
Black Lagoon,11,2275,2202,404455,177.7824175824176,36768.63636363636
Black Torch,4,804,1575,91199,113.43159203980099,22799.75
Blank Space,3,598,1012,64219,107.38963210702342,21406.333333333332
Bleach,71,13817,2514,1010199,73.11275964391692,14228.154929577464
Bless,3,504,968,42876,85.07142857142857,14292.0
Blue Lock,48,9669,1921,895606,92.62653842176026,18658.458333333332
Blue Period,15,2988,1807,351183,117.53112449799197,23412.2
Blue Phobia,2,406,1023,30866,76.02463054187191,15433.0
Blue hearts,5,539,1139,90868,168.58627087198516,18173.6
Bocchi the Rock!,6,744,1697,225544,303.1505376344086,37590.666666666664
Boku Dake Shitteru Ichimiya-san,3,580,917,45341,78.17413793103448,15113.666666666666
Boku Ga Imouto o Korosu Made,1,147,579,9791,66.60544217687075,9791.0
Boku Mari,9,1768,980,89561,50.6566742081448,9951.222222222223
Boku dake ga Inai Machi,9,1771,1589,191180,107.95031055900621,21242.222222222223
Boku ga Boku de Aru Tame ni,5,855,1090,91752,107.31228070175439,18350.4
Boku no Hatsukoi o Kimi ni Sasagu,12,1518,1524,193831,127.68840579710145,16152.583333333334
Boku no Hero Academia,40,7809,2617,932863,119.45998207196824,23321.575
Boku no Kokoro no Yabai Yatsu,8,1337,1441,154523,115.57442034405385,19315.375
Boku no Tsuma wa Kanjo ga nai,3,508,1054,66023,129.96653543307087,22007.666666666668
Boku wa Imouto ni Koi wo Suru,10,1935,1364,173569,89.69974160206718,17356.9
Bokura wa Minna Kawaisou,11,2137,1852,318423,149.00467945718296,28947.545454545456
Bokurano,11,2256,1630,226683,100.48005319148936,20607.545454545456
Bokutachi no ikita ryuu,6,1245,966,88297,70.92128514056225,14716.166666666666
Bokutachi wa Yarimashita,9,1710,1275,113876,66.59415204678362,12652.888888888889
Bokutachi wa hanshoku o yameta,4,793,1191,82542,104.08827238335435,20635.5
Bonnouji,3,601,1118,63154,105.08153078202994,21051.333333333332
Boshokuhi no Ken,8,1360,1723,129992,95.58235294117647,16249.0
Bousou Shoujo,10,2120,1604,242094,114.19528301886793,24209.4
Bungo,26,5102,1883,468066,91.74166993335946,18002.53846153846
Bungou Stray dogs,24,4593,2510,392590,85.47572392771609,16357.916666666666
COPPELION,26,5334,1981,512928,96.16197975253094,19728.0
CUFFS,32,7170,2007,790565,110.26011157601116,24705.15625
Capeta,32,6433,1667,507291,78.85760920254936,15852.84375
Casinogui,5,1008,1197,61933,61.44146825396825,12386.6
Cells at Work! CODE BLACK,8,1326,1435,140553,105.99773755656109,17569.125
Chainsaw Man,18,3556,1687,232598,65.41001124859393,12922.111111111111
Chainsaw Man (Upscale),17,3376,1769,227212,67.3021327014218,13365.411764705883
Change the World,5,1151,1409,103801,90.18331885317116,20760.2
Change123,12,2229,1816,241836,108.49528936742934,20153.0
Chi Chikyuu no Undou ni Tsuite,7,1104,1685,154831,140.24547101449275,22118.714285714286
Chi no Wadachi,17,3866,1929,279434,72.27987584066219,16437.29411764706
Chichi wo Yaku,1,192,1075,27218,141.76041666666666,27218.0
Chihayafuru,61,11165,2158,1186167,106.2397671294223,19445.360655737706
Chihiro,2,378,856,30034,79.45502645502646,15017.0
Chihiro-san,9,1561,1482,137977,88.39013452914799,15330.777777777777
Chiisai Nozomi to Ookina Yume,3,514,892,57477,111.82295719844358,19159.0
Chii’s Sweet Home,12,1896,1195,152987,80.68934599156118,12748.916666666666
Chio-chan no Tsuugakuro,9,1454,1522,169151,116.33493810178817,18794.555555555555
Chirori,2,326,495,11867,36.40184049079755,5933.5
Chobits,8,1412,988,107136,75.87535410764872,13392.0
Choku,4,713,1047,61416,86.1374474053296,15354.0
City,13,2151,1801,229693,106.78428637842863,17668.69230769231
Claymore,27,5229,1777,370274,70.81162746222988,13713.851851851852
Close Play,1,186,552,13314,71.58064516129032,13314.0
Code Geass Hangyaku no Lelouch Re,4,421,991,33841,80.38242280285036,8460.25
Code Geass Soubou no Oz,5,1053,1726,112469,106.80816714150048,22493.8
Code Geass Soubou no Oz O2,5,921,1578,88717,96.32681867535288,17743.4
Cross Game,17,3275,1673,300577,91.77923664122137,17681.0
Crown,6,1284,1438,103891,80.9119937694704,17315.166666666668
Crows,25,4933,1715,458014,92.84694911818366,18320.56
DLRAW.TO-soara to mamono no ie vol 01-03,3,583,1324,53046,90.98799313893653,17682.0
DLraw.net-Nohara Hiroshi Hirumeshi no Ryugi vol 01-08,8,1313,1485,173735,132.31911652703732,21716.875
DRAGON CIRCUS,1,196,503,8216,41.91836734693877,8216.0
Daiya no A,46,8596,1996,764962,88.99046067938576,16629.608695652172
Dandadan,14,2860,1448,209937,73.40454545454546,14995.5
Dansanjoshi,5,806,1433,104519,129.67617866004963,20903.8
Danshi Koukousei no Nichijou,7,1017,1298,84973,83.55260570304819,12139.0
Danshi Toilet de Machiawase,1,170,666,18495,108.79411764705883,18495.0
Darker than black,2,392,783,26066,66.49489795918367,13033.0
Dauin jihen,5,924,1442,111462,120.62987012987013,22292.4
Dead Dead Demon's Dededededestruction,12,2096,1959,306364,146.16603053435114,25530.333333333332
Dead Mount Death Play,11,2659,2186,357576,134.477623166604,32506.909090909092
Deadman Wonderland,13,2606,1694,187379,71.90291634689179,14413.76923076923
Death Note,13,5235,2130,1214483,231.99293218720152,93421.76923076923
Deathtopia,8,1626,1565,169645,104.33271832718327,21205.625
Dekiru Neko wa kyo mo Yuutsu,5,661,1370,86565,130.9606656580938,17313.0
Dekisokonai no himegimitachi,6,774,1064,92373,119.34496124031008,15395.5
Demi-chan wa Kataritai,11,1732,1527,197327,113.93013856812934,17938.81818181818
Dengeki Daisy,16,3106,1958,597702,192.43464262717322,37356.375
Dengeki Pikachu,4,659,1028,70681,107.25493171471928,17670.25
Denki Machi Honya-san,16,2677,1821,348745,130.27456107583114,21796.5625
Desktop,22,3729,1844,366238,98.21346205417002,16647.18181818182
Detroit Metal City,10,2092,1929,389794,186.32600382409177,38979.4
Dogesen,3,591,1096,29639,50.15059221658206,9879.666666666666
Dolly Kill Kill,11,2137,1592,166732,78.02152550304164,15157.454545454546
Dorohedoro,24,4844,1842,433995,89.59434351775393,18083.125
Downloads,2,346,996,42723,123.47687861271676,21361.5
Dr Stone,25,4837,2226,588190,121.60223278891876,23527.6
Dr. Slump,8,3071,1327,392679,127.86681862585478,49084.875
Dragon Ball,34,8190,1548,1049845,128.18620268620268,30877.79411764706
Dragon Head,10,2280,1442,177020,77.64035087719299,17702.0
Dragon Quest - Dai no Daibouken,37,7007,1885,809795,115.56943056943057,21886.35135135135
Duds Hunt,1,170,801,18266,107.44705882352942,18266.0
Dumbbell Nan Kilo Moteru,10,1506,1782,235530,156.39442231075697,23553.0
Dungeon Meshi,12,2548,1989,288857,113.36616954474097,24071.416666666668
EDEN ～It's an Endless World!～,18,4129,1978,318185,77.06103172681037,17676.944444444445
Eizoken Niwa te o Dasuna,7,1164,1722,146566,125.91580756013745,20938.0
Emanon,4,852,1097,38971,45.740610328638496,9742.75
Emiya-san Chi no Kyou no Gohan,6,995,1544,198300,199.2964824120603,33050.0
Emma,10,2139,1495,206877,96.71669004207574,20687.7
Erio to Denki Ningyou,1,274,896,25731,93.9087591240876,25731.0
Etsuran Kinshi,1,199,498,10746,54.0,10746.0
Ever Green,4,789,1183,78825,99.90494296577947,19706.25
Eyeshield 21,37,7258,2391,876484,120.76109120969964,23688.756756756757
F -エフ,28,3496,2020,799543,228.70223112128147,28555.10714285714
Fairy Tail,52,10053,2173,1075529,106.98587486322491,20683.25
Fire Force,34,6816,2239,605975,88.90478286384976,17822.79411764706
Fire Punch,8,1706,1147,103976,60.947245017585,12997.0
Flying Witch,11,1896,1505,186175,98.19356540084388,16925.0
Franken Fran,8,1620,1715,222692,137.4641975308642,27836.5
Franken Fran Frantic,8,1448,1734,172809,119.3432320441989,21601.125
Freesia,12,2388,1709,240633,100.76758793969849,20052.75
Fudatsuki no Kyouko-chan,7,1346,942,121473,90.24739970282317,17353.285714285714
Fujimoto Tatsuki,3,529,926,37112,70.15500945179583,12370.666666666666
Fujiyama-san wa Shishunki,8,1485,1065,57288,38.577777777777776,7161.0
Fukafuka Dungeon Kouryakuki Ore no Isekai Tensei Boukentan,10,1209,2004,274845,227.33250620347394,27484.5
Fukigen Mononokean,17,2294,1955,326410,142.28857890148214,19200.58823529412
Fukigen na Mononokean,2,209,1416,60739,290.61722488038276,30369.5
Full Moon wo Sagashite,7,1327,1685,232882,175.49510173323284,33268.857142857145
Fumetsu no Anata e,15,2700,1670,309456,114.61333333333333,20630.4
Furou Kyoudai,1,197,763,21466,108.96446700507614,21466.0
Furyou Taimashi Reina,6,1396,1479,151343,108.4118911174785,25223.833333333332
Futari Ashita mo Sorenari ni,5,693,1030,77973,112.51515151515152,15594.6
Futari Esukepu,4,612,1193,58804,96.08496732026144,14701.0
Futaribeya,9,1283,1598,210504,164.07170693686672,23389.333333333332
Futotta Obasan - Deatte 4-Kounen De Gattai,1,193,1736,105927,548.8445595854922,105927.0
Futsutsukamono no Ani desu ga,6,1197,1295,119660,99.96658312447786,19943.333333333332
GIANT KILLING,50,10829,1985,973076,89.85834333733493,19461.52
GQYTF6~C,8,1609,1488,109066,67.78495960223742,13633.25
Gabriel Dropout,12,1644,1490,185500,112.8345498783455,15458.333333333334
Gakkou Gurashi!,12,2241,1480,151454,67.58322177599285,12621.166666666666
Gakuen Alice,31,5594,2112,772836,138.15445119771184,24930.1935483871
Gal Gohan,10,1495,1445,160442,107.3190635451505,16044.2
Gangsta,8,1609,1488,109066,67.78495960223742,13633.25
Gantz,37,8154,1727,386596,47.411822418444935,10448.54054054054
Gau-chan to Issho,4,680,965,54966,80.83235294117647,13741.5
Genshiken,8,1380,1607,220846,160.03333333333333,27605.75
Getenrou,1,238,989,28954,121.65546218487395,28954.0
Giga Tokyo Toy Box,10,2114,1877,266992,126.29706717123936,26699.2
Giji Harem,6,891,1048,70116,78.6936026936027,11686.0
Gin no Saji Complete,16,3065,2070,508137,165.78694942903752,31758.5625
Gintama,73,14245,2965,3076130,215.94454194454195,42138.767123287675
Girls Must Die!,1,197,746,26662,135.34010152284264,26662.0
Glaucos,4,881,1181,65326,74.14982973893304,16331.5
Go-toubun no Hanayome,18,3526,1730,406004,115.14577424844016,22555.777777777777
Gokushufumichi,14,1798,1645,137568,76.51167964404894,9826.285714285714
Golden Kamuy,31,6478,2434,584620,90.24698981167028,18858.709677419356
"Gomennasai Ojou-sama, Ore wa Maid ga Suki nan desu",1,196,634,18195,92.83163265306122,18195.0
Gosujin Daisuki Ponta no Yuutsu,2,302,614,37695,124.81788079470199,18847.5
Goth,1,225,778,19565,86.95555555555555,19565.0
"Gotoubun no Hanayome (Full Colour version, upscaled)",14,2746,1715,319338,116.29206117989803,22809.85714285714
Gouka no Kyouten,4,844,1345,78042,92.46682464454976,19510.5
Grand Blue,22,4474,1964,450329,100.65467143495754,20469.5
Gunnm,9,2098,1780,218639,104.21306005719732,24293.222222222223
Gunslinger Girl,15,2816,1937,300024,106.54261363636364,20001.6
Gyaru,9,1563,1330,186265,119.17146513115803,20696.11111111111
Hagane no Renkinjutsushi,27,5171,1969,516123,99.81106169019532,19115.666666666668
Hagure Idol Jigokuhen,12,2200,1913,253968,115.44,21164.0
Hai Bus ni Sumu,4,624,870,42402,67.95192307692308,10600.5
Hajime no Ippo,131,24770,2432,2736480,110.47557529269277,20889.16030534351
Hakata-ben no Onnanoko wa Kawaii to Omoimasen ka,2,324,865,57181,176.48456790123456,28590.5
Hakoiri Drops,6,736,1504,175786,238.83967391304347,29297.666666666668
Hakumei to Mikochi,12,2375,2150,316519,133.27115789473683,26376.583333333332
Hana Yori Dango,37,6811,1849,724487,106.37013654382616,19580.72972972973
Hana ni Arashi,12,2013,1255,192691,95.72329855936414,16057.583333333334
Hanako@Lavatory,2,368,1191,53876,146.40217391304347,26938.0
Hananoi Kun to Koi no Yamai,13,2563,1527,305851,119.33320327740928,23527.0
Happiness,10,1916,986,71164,37.1419624217119,7116.4
Happy End,3,612,1238,81739,133.56045751633988,27246.333333333332
Happy-of-the-End,3,662,1005,64773,97.84441087613293,21591.0
Haramase Island!,1,164,515,16290,99.32926829268293,16290.0
Haritoge Kuremi to Ou no Ie,3,332,885,30623,92.23795180722891,10207.666666666666
Haru to Bonkura,1,162,642,17919,110.61111111111111,17919.0
Harukana Receive,10,1821,1014,112632,61.85172981878089,11263.2
Harumineshon,7,879,1633,202206,230.04095563139933,28886.571428571428
Hatarakanai Futari,30,4050,1815,640780,158.2172839506173,21359.333333333332
Hataraku Saibou,6,1068,1389,138530,129.70973782771534,23088.333333333332
"Hatsukoi, zarari",3,492,814,33396,67.8780487804878,11132.0
Helck,12,2539,1715,290971,114.60063016935801,24247.583333333332
Hellsing,10,2022,1649,151410,74.8813056379822,15141.0
Henjo,18,2739,1477,313819,114.57429718875503,17434.38888888889
Heren ESP,2,376,963,40204,106.92553191489361,20102.0
Hero Mask,5,1010,969,56248,55.691089108910894,11249.6
Hibari no Ashita,2,391,709,31994,81.82608695652173,15997.0
Higanjima,31,6435,1787,457180,71.04584304584304,14747.741935483871
Hikari no Machi,1,220,955,35550,161.5909090909091,35550.0
Hikaru ga Shinda Natsu,2,359,722,26254,73.13091922005572,13127.0
Himenochan ni Koi wa Mada Hayai,7,1080,1108,77852,72.08518518518518,11121.714285714286
Himouto! Umaru-chan,12,2151,1530,294226,136.7856810785681,24518.833333333332
Hinamatsuri,19,3875,1738,331335,85.5058064516129,17438.684210526317
Hirayasumi,4,740,1096,67694,91.47837837837838,16923.5
Hiro Garu Hira boi Tacchi oa Desu,11,2102,1495,158025,75.17840152235966,14365.90909090909
Hisureba,3,584,1030,42215,72.28595890410959,14071.666666666666
Hitomi-chan wa Hitomishiri,7,1145,975,79179,69.15196506550218,11311.285714285714
Hitoribocchi no Chikyuu Shinryaku,15,2912,1741,259030,88.95260989010988,17268.666666666668
Hitoribocchi no OO Seikatsu,8,1046,1269,173002,165.39388145315488,21625.25
Hitsuji no Uta,7,1437,1331,141943,98.77731384829507,20277.571428571428
"Hoho, Nurasu You ni Koi wo Shite",1,271,718,24084,88.87084870848709,24084.0
Holyland,18,3936,1670,396812,100.8160569105691,22045.11111111111
Homunculus,15,3523,1543,189735,53.85608856088561,12649.0
Hone Dragon no Mana Musume,4,745,1296,61574,82.6496644295302,15393.5
Hone ga Kusaru Made,7,1373,1167,104417,76.05025491624181,14916.714285714286
Horimiya (FIX),16,2946,1574,306321,103.9786150712831,19145.0625
Hoshi Mamoru Inu,2,299,816,32634,109.1438127090301,16317.0
Hoshi no Samidare,10,2170,1643,203611,93.82995391705069,20361.1
Hotarubi no Mori e,1,174,612,17666,101.52873563218391,17666.0
Hotman,15,3216,1797,358830,111.57649253731343,23922.0
Houseki no Kuni,12,2753,1601,164791,59.85869960043589,13732.583333333334
How Do We Relationship,12,2421,1528,329703,136.18463444857497,27475.25
Hozuki-san Chi no Aneki,4,540,1128,64677,119.77222222222223,16169.25
Hyakushou Kizoku,7,876,1857,205822,234.95662100456622,29403.14285714286
Hypno Blink,2,416,774,37196,89.41346153846153,18598.0
I am a Hero,22,4807,1977,359619,74.81152485957978,16346.318181818182
I''s,15,2857,1406,333953,116.88939446972348,22263.533333333333
ID INVADED BRAKE-BROKEN,3,482,1245,60159,124.81120331950207,20053.0
Ibitsu,7,1386,1461,148989,107.49567099567099,21284.14285714286
Ichi,1,234,610,16747,71.56837606837607,16747.0
Ichigo Mashimaro,7,1182,1297,154884,131.03553299492387,22126.285714285714
Ike! Ina-chuu Takkyuubu,13,3022,1594,365785,121.04070152217075,28137.30769230769
Ikemenjo to Hakoiri Musume,2,415,877,44995,108.42168674698796,22497.5
Ikenie Touhyou,7,1427,1429,105629,74.02172389628592,15089.857142857143
Iketeru Futari,33,6523,2213,956326,146.60830906024836,28979.575757575756
Ikigami,10,2307,1780,281809,122.15387949718249,28180.9
Ikoku Nikki,11,2365,1522,216950,91.73361522198732,19722.727272727272
Ikoku nikki,11,2094,1489,189834,90.65616045845272,17257.636363636364
Imawa no Kuni no Alice,18,2469,1938,385844,156.27541514783314,21435.777777777777
Imouto Android,6,1169,1221,170351,145.72369546621044,28391.833333333332
Imouto ga Oshisugiru,3,568,950,60115,105.83626760563381,20038.333333333332
Imouto wa Meshi Mazu,2,272,780,27618,101.53676470588235,13809.0
Inferno,5,972,1473,107870,110.97736625514403,21574.0
Innocent,9,1811,1977,148443,81.96742131419106,16493.666666666668
Innocent Rouge,12,2296,1978,197370,85.96254355400697,16447.5
Inu x Boku SS,11,2169,1866,227377,104.83033656062702,20670.636363636364
Iron Buddy,4,727,1219,73306,100.83356258596974,18326.5
Isakku,15,2878,1644,155245,53.94197359277276,10349.666666666666
Isekai Arigatou,3,576,1417,72760,126.31944444444444,24253.333333333332
Isekai Hiroyuki,1,224,823,23197,103.55803571428571,23197.0
Isekai Oji-san,8,1511,1653,179621,118.87557908669756,22452.625
Isekai Teni Shitara Neko-darakedatta,2,102,452,9707,95.16666666666667,4853.5
Ishu Renai Monogatarishuu,5,833,1417,92008,110.45378151260505,18401.6
Isshuukan Friends,7,1080,1258,141154,130.69814814814814,20164.85714285714
Itoshiki no Kana,3,651,1081,64648,99.30568356374808,21549.333333333332
Jagaaaaaaan,14,3390,1754,285643,84.26047197640118,20403.071428571428
Jigoku no Gundan,6,1372,1420,94191,68.65233236151603,15698.5
Jigokuraku,7,1326,1733,114719,86.51508295625943,16388.428571428572
Jijo o Shiranai Tenkosei ga Guiguikuru,14,2295,1339,206725,90.07625272331154,14766.07142857143
Jinmen,13,2540,1725,328984,129.5212598425197,25306.46153846154
Jisatsutou,17,3547,1724,342882,96.66817028474767,20169.529411764706
JoJo no Kimyou na Bouken Diamond wa Kudakenai Color Edition,18,3532,1574,401922,113.79445073612683,22329.0
JoJo no Kimyou na Bouken JoJolion Color Edition,27,5040,1851,474666,94.1797619047619,17580.222222222223
JoJo no Kimyou na Bouken Ougon no Kaze Color Edition,17,3174,1549,377576,118.95904221802142,22210.352941176472
JoJo no Kimyou na Bouken Phantom Blood Color Edition,5,898,1205,86677,96.52227171492206,17335.4
JoJo no Kimyou na Bouken Sentou Chouryuu Color Edition,7,1382,1336,143435,103.78798842257598,20490.714285714286
JoJo no Kimyou na Bouken Stardust Crusaders Color Edition,16,3098,1466,292872,94.53582956746288,18304.5
JoJo no Kimyou na Bouken Steel Ball Run Color Edition,24,4636,1764,455262,98.20146678170838,18969.25
JoJo no Kimyou na Bouken Stone Ocean Color Edition,17,3306,1590,348390,105.38112522686025,20493.529411764706
Joshidaisei Kateikyoushi Hamanaka Ai,6,986,1518,147907,150.00709939148072,24651.166666666668
Joshikousei no Mudazukai,6,1040,1584,167843,161.3875,27973.833333333332
Jujutsu Kaisen,26,5248,2438,425064,80.9954268292683,16348.615384615385
Jujutsu Kaisen 0 Tokyo Toritsu Jujutsu Koutou Senmon Gakkou,1,206,956,20049,97.3252427184466,20049.0
Jukkakukan no Satsujin,4,612,1324,71883,117.45588235294117,17970.75
Jun Shotaro no Fantasy World,2,495,734,23574,47.624242424242425,11787.0
K-On!,6,757,1342,170648,225.42668428005285,28441.333333333332
Kage no Jitsuryokusha ni Naritakute!,11,1715,1720,180610,105.31195335276968,16419.090909090908
Kagerou Daze,9,1458,1369,136911,93.90329218106996,15212.333333333334
Kaguya-sama wa Kokurasetai Tensaitachi no Renai Zunousen,27,5771,2327,770277,133.4737480505978,28528.777777777777
Kaguya-sama wa Kokurasetai Tensaitachi no Renai Zunousen Color Edition,19,3986,2233,568972,142.74259909683894,29945.894736842107
Kaichou Wa Maid-Sama!,17,3310,1967,578004,174.6235649546828,34000.23529411765
Kakeochi Girl,4,538,793,46426,86.29368029739777,11606.5
Kakukaku Shikajika,5,778,1404,145471,186.98071979434448,29094.2
Kakumeika no Gogo,1,184,831,20035,108.88586956521739,20035.0
Kakushigoto,12,1934,1927,342049,176.8609100310238,28504.083333333332
Kami nomizo shiru sekai,27,5351,1985,695371,129.9515978321809,25754.48148148148
Kami-sama ga Uso wo Tsuku,1,218,573,15166,69.56880733944953,15166.0
Kamichama Karin,7,1325,958,140225,105.83018867924528,20032.14285714286
Kamigami Itadaki,5,1627,1643,202521,124.47510755992624,40504.2
Kamonohashi Ron no Kindan Suiri,10,1967,1873,288509,146.67463141840366,28850.9
Kanojo Okarishimasu,36,6561,2137,753631,114.86526444139614,20934.194444444445
Kanojo mo Kanojo,14,2115,1405,272470,128.8274231678487,19462.14285714286
Kanojo no Kagi wo Akeru Houhou,9,1804,1469,197659,109.5670731707317,21962.11111111111
Kanojo to Camera to Kanojo no Kisetsu,5,992,1157,82987,83.65625,16597.4
Kanojo wa Rokurokubi,4,689,708,27580,40.029027576197386,6895.0
Kanojo wa Sore wo Gaman Dekinai,1,351,553,17945,51.12535612535613,17945.0
Kaoru Hana wa Rin to Saku,13,2634,1413,264961,100.59263477600608,20381.615384615383
Karakai Jouzu no Moto Takagisan,18,2675,1074,151933,56.79738317757009,8440.722222222223
Karakai Jouzu no Takagi-san,9,1488,1036,120840,81.20967741935483,13426.666666666666
Karakai-Jouzu-Takagi-san,1,168,442,14655,87.23214285714286,14655.0
Karakuri Circus,43,5086,2224,1150520,226.21313409359024,26756.279069767443
Kasane,14,2786,1777,241155,86.55958363244795,17225.35714285714
Katekin,10,1980,1637,168967,85.33686868686868,16896.7
Kawa yori mo Nagaku Yuruyaka ni,1,418,987,67728,162.0287081339713,67728.0
Kawaii dake ja Nai Shikimori-san,18,2349,1400,208171,88.6211153682418,11565.055555555555
"Kawaisou ni Ne, Genki-kun",8,1386,1339,130947,94.47835497835497,16368.375
Kawazuya,2,386,569,14262,36.94818652849741,7131.0
Kaze no Tani no Nausicaä,6,897,1527,127855,142.53623188405797,21309.166666666668
Kekkai Sensen,10,1984,1907,164220,82.77217741935483,16422.0
Kekkai no Noah,3,500,786,26707,53.414,8902.333333333334
Kekkonsuru tte Honto Desuka,11,2218,1477,203983,91.96708746618576,18543.909090909092
Kengan Ashura,27,5703,2344,599492,105.11870945116605,22203.40740740741
Kenkanryu,4,1155,2153,378013,327.2839826839827,94503.25
Kenki Renka ReZero kara Hajimeru Isekai Seikatsu†Shinmeitan,4,550,1288,54253,98.64181818181818,13563.25
Kenshiro ni Yoroshiku,5,840,1357,81020,96.45238095238095,16204.0
Kidou Senshi Gundam 00F ReMaster Edition,4,816,1350,93613,114.7218137254902,23403.25
Kidou Senshi Gundam 00I,3,556,1127,68657,123.48381294964028,22885.666666666668
Kidou Senshi Gundam The Origin,25,5480,2178,457353,83.45857664233577,18294.12
Kiichi!!,9,1948,1907,240938,123.68480492813141,26770.88888888889
Kimetsu no yaiba,23,4664,2388,396748,85.06603773584905,17249.91304347826
Kimi ga Shinu made Koi wo Shitai!,7,1029,1048,71914,69.88726919339165,10273.42857142857
Kimi ni Todoke,30,5582,1765,643469,115.27570763167324,21448.966666666667
Kimi no Koto ga Dai Dai Dai Dai Daisuki na 100-nin no Kanojo,13,2794,1999,451572,161.6220472440945,34736.307692307695
Kimi no Na wa,3,508,821,31397,61.80511811023622,10465.666666666666
Kimi no Suizou wo Tabetai,2,446,897,39783,89.19955156950672,19891.5
Kimi no katachi,7,1354,1204,119259,88.07902511078287,17037.0
Kimi no kokoro o kanjitai,2,356,1043,34648,97.32584269662921,17324.0
Kimi wa Midara na Boku no Joou,2,451,979,56703,125.72727272727273,28351.5
Kimi-tachi wa dou Ikiru ka,1,346,1098,61686,178.28323699421966,61686.0
Kingdom,68,14650,2947,1666465,113.75187713310581,24506.83823529412
Kitoh Mohiro Tanpenshuu Zansho,1,203,687,20410,100.54187192118226,20410.0
Kobayashi-san Chi no Maidragon,7,1033,1548,144776,140.15101645692158,20682.285714285714
Kochira Katsushikaku Kameari Kouenmae Hashutsujo,193,35802,3547,8099998,226.24428802860174,41968.90155440415
Kodomo no jikan,11,2214,1522,215723,97.43586269196025,19611.18181818182
Koguma no Cake-ya-san,1,115,386,13656,118.74782608695652,13656.0
Koi Kaze,5,1090,1072,87490,80.26605504587155,17498.0
Koi no Torikata,2,382,710,34533,90.40052356020942,17266.5
Koi wa Ameagari no You ni,10,1661,1195,111570,67.17037928958459,11157.0
Koi wa Arasa ni Natte Kara,2,386,1032,62688,162.40414507772022,31344.0
Koi wa Hikari,7,1243,1505,166447,133.90748189863234,23778.14285714286
Koiseyo Mayakashi Tenshi Domo,3,568,885,53388,93.99295774647888,17796.0
Koisuru Yankee Girl,3,365,1128,66808,183.03561643835616,22269.333333333332
Koko wa Ima Kara,7,1413,1407,158078,111.87402689313517,22582.571428571428
Kokou no Hito,17,3677,2051,296448,80.6222463965189,17438.117647058825
Komori-san wa Kotowarenai!,7,823,1437,150754,183.17618469015795,21536.285714285714
Kono Bijutsubu ni wa Mondai ga Aru!,5,912,1118,80079,87.80592105263158,16015.8
"Kono Healer, Mendokusai",3,485,1067,48142,99.26185567010309,16047.333333333334
Koroshiya Ichi,10,2177,1326,139574,64.11299954065227,13957.4
Kotarou wa Hitorigurashi,4,785,1161,138410,176.3184713375796,34602.5
Kotoura-san,7,957,1528,206842,216.13584117032394,29548.85714285714
Koudaike Hitobito,6,1106,1291,120244,108.71971066907776,20040.666666666668
Kougyouaika Volleyboys,49,11220,2199,1948996,173.70730837789662,39775.42857142857
Koukaku Kidoutai,2,684,1658,154678,226.13742690058479,77339.0
Koukaku Kidoutai 1.5,1,192,1262,45410,236.51041666666666,45410.0
Koushaku Reijou no Tashinami,8,1372,1750,208192,151.74344023323616,26024.0
Kouya ni Kemono Doukokusu,15,2849,2031,226233,79.40786240786241,15082.2
Kowloon Generic Romance,8,1309,1423,126616,96.72727272727273,15827.0
Kujakuorugan (孔雀風琴),1,122,1082,15836,129.80327868852459,15836.0
Kuro,3,395,679,21179,53.617721518987345,7059.666666666667
Kuroko no Basuke,30,5593,2036,678423,121.29858752011442,22614.1
Kurosagi,20,4596,2260,898931,195.58986074847692,44946.55
Kusuriya no Hitorigoto,13,2506,2154,259347,103.4904229848364,19949.76923076923
Kuzu no Honkai,9,1664,1323,111761,67.1640625,12417.888888888889
Kyou kara Hajimeru Osananajimi,3,509,737,38314,75.27308447937132,12771.333333333334
Kyou kara ore wa!,38,7403,2103,1062770,143.55936782385518,27967.63157894737
Kyou wa Asuka Show,4,651,939,53299,81.87250384024577,13324.75
Kyougaku Koukou no Genjitsu,7,1165,1180,94269,80.9175965665236,13467.0
Kyoukaisenjou no Limbo,2,252,1002,51780,205.47619047619048,25890.0
Laguna Crimson,6,994,1580,126225,126.98692152917505,21037.5
Legend of Zelda Twilight Princess,9,1497,1339,115417,77.09886439545758,12824.111111111111
Liar Game,19,3980,1961,746783,187.63391959798994,39304.36842105263
Living Game,10,2236,1614,293546,131.28175313059035,29354.6
Look Back,1,150,435,8418,56.12,8418.0
Love Hina,15,3161,2171,908752,287.4887693767795,60583.46666666667
Love Lab,17,2076,1877,492892,237.4238921001927,28993.647058823528
Lovely Complex,17,3225,1643,432423,134.0846511627907,25436.647058823528
Lucky☆Star,10,1503,1907,435196,289.5515635395875,43519.6
MONSTER,18,4287,1767,509922,118.94611616515046,28329.0
Machida-kun no Sekai,7,1229,983,79589,64.75915378356387,11369.857142857143
Made in Abyss,11,1793,1722,211696,118.06804238706079,19245.090909090908
Magi - Labyrinth of Magic,36,7032,2139,859894,122.282992036405,23885.944444444445
Maho Sonna Koto Yori Kinniku da,4,811,1168,75734,93.38347718865597,18933.5
Mahou Sensei Negima!,38,7085,2779,1545806,218.18009880028228,40679.10526315789
Mahou Shoujo of the End,16,2881,1561,243117,84.38632419298854,15194.8125
Maid-san wa Taberu dake,4,661,927,38858,58.786686838124055,9714.5
Maitsuki Niwatsuki Oya Tsuki,3,540,967,48314,89.47037037037038,16104.666666666666
Majin Tantei Nougami Neuro,22,4140,2182,576512,139.25410628019324,26205.090909090908
Majo,2,385,1052,33505,87.02597402597402,16752.5
Majo to Yaju,7,1398,1430,101700,72.74678111587983,14528.57142857143
Major,78,14802,2428,1483286,100.20848533981895,19016.48717948718
Make Heroine ga Oosugiru!,1,175,764,18436,105.34857142857143,18436.0
Malicious Code,4,719,1154,56845,79.06119610570236,14211.25
Manga,7,1182,1653,134674,113.93739424703892,19239.14285714286
Manhole,3,642,1319,56899,88.62772585669782,18966.333333333332
Maou-jou de Oyasumi,19,2904,2143,609184,209.7741046831956,32062.315789473683
Marie no Kanaderu Ongaku,2,546,869,33562,61.46886446886447,16781.0
Mata onaji yume wo miteita,3,544,795,47052,86.49264705882354,15684.0
"Mayu, Matou",6,1118,996,48924,43.7602862254025,8154.0
Medalist,6,1294,1515,172774,133.5193199381762,28795.666666666668
Meitantei Konan,100,18570,2843,4666349,251.28427571351642,46663.49
Melancholia,2,325,1118,38009,116.95076923076923,19004.5
Meshia no Tettsui,3,587,971,47959,81.70187393526406,15986.333333333334
Metamorphose no Engawa,5,786,1000,57607,73.29134860050891,11521.4
Midara na Jakyou ni Su Kuu Mono,3,579,807,29834,51.52677029360967,9944.666666666666
Midori no Hibi,8,1556,1543,253452,162.88688946015424,31681.5
Midori no Yamadakun,2,318,1044,70525,221.77672955974842,35262.5
Mierukocha v01b-08,11,1812,1350,130298,71.9083885209713,11845.272727272728
Migi to Dali,7,1164,1282,79389,68.20360824742268,11341.285714285714
Minami no Teiou,146,30067,2815,2733265,90.90581035686965,18720.99315068493
Mirai Nikki,12,2455,1537,191589,78.04032586558044,15965.75
Misu Misou,6,934,857,49630,53.13704496788009,8271.666666666666
Mitsuboshi Colors,8,1222,1101,101505,83.06464811783961,12688.125
Mitsudomoe,19,3220,2022,528882,164.24906832298137,27835.894736842107
Mizuiro no Heya,2,411,617,21429,52.13868613138686,10714.5
Momento Eien no Isshun,8,1587,1154,98508,62.071833648393195,12313.5
Momo no Koto Aiken to Roujin no Saigo no Hibi,1,203,1021,31629,155.807881773399,31629.0
Momoiro Meloik,10,1822,1378,186305,102.25301866081229,18630.5
Monthly Girls' Nozaki-kun,15,2441,2055,579147,237.25809094633348,38609.8
Mr. Mallow Blue,2,240,829,36682,152.84166666666667,18341.0
Mr.マロウブルー,3,623,895,59619,95.69662921348315,19873.0
Mugen no Juunin,30,6654,2512,564039,84.76690712353472,18801.3
Muhoutou,6,1124,1377,117653,104.67348754448399,19608.833333333332
Murasakiiro no Qualia,3,620,1224,94580,152.5483870967742,31526.666666666668
Museum,3,718,1259,56948,79.31476323119777,18982.666666666668
Mushishi,10,2430,1792,213663,87.92716049382716,21366.3
Musume Janakute Watashi ga,4,701,1213,94188,134.3623395149786,23547.0
My Broken Mariko,1,200,600,14435,72.175,14435.0
My Fair Neighbor,1,211,705,23570,111.70616113744076,23570.0
My home hero,19,3724,1907,381804,102.52524167561762,20094.947368421053
NEW GAME!,13,1613,1578,336020,208.31990080595165,25847.69230769231
NHK ni Youkoso!,8,1596,1693,201964,126.54385964912281,25245.5
Nagi o Sagashite Tanpenshu,1,194,705,20516,105.75257731958763,20516.0
Nama yuki! Kyōsei zetchō no utage,1,198,847,27312,137.93939393939394,27312.0
Nana,21,4294,1897,573875,133.64578481602237,27327.380952380954
Nanako-san Teki na Nichijou,10,1713,1727,234996,137.18388791593696,23499.6
Nankuru Neesan,5,798,1492,97786,122.53884711779449,19557.2
Narutaru,12,2191,1590,161427,73.6773162939297,13452.25
Naruto,72,13740,2330,1354658,98.59228529839883,18814.694444444445
Nazo no Kanojo X,12,2485,1486,386268,155.43983903420522,32189.0
Neko ga Nishi Mukya,3,554,1085,74787,134.99458483754512,24929.0
Neko no Otera no Chion-san,9,1561,1162,74604,47.79244074311339,8289.333333333334
Neko to Chiyo,3,543,645,35599,65.55985267034991,11866.333333333334
Nemureru Mori no Karon,3,577,808,32774,56.80069324090121,10924.666666666666
Neon Genesis Evangelion Ikari Shinji Ikusei Keikaku,19,3323,1705,367725,110.66054769786338,19353.947368421053
Nichijou,11,1900,1589,194273,102.24894736842106,17661.18181818182
Nickelodeon,3,421,1189,45139,107.21852731591449,15046.333333333334
"Nidome no Natsu, Nidoto Aenai Kimi",2,383,894,36376,94.97650130548303,18188.0
Nijigahara Holograph,1,301,818,26014,86.42524916943522,26014.0
Ningen Shikkaku,3,613,1241,59645,97.30016313213703,19881.666666666668
Nisekoi,25,5009,1961,831820,166.06508285086844,33272.8
Niwatori Fighter,5,1040,1184,68953,66.30096153846154,13790.6
Nodame Cantabile,27,5115,2112,707434,138.30576735092865,26201.25925925926
Noise,3,517,1443,74013,143.1586073500967,24671.0
Non Non Biyori,17,2654,2010,410476,154.66314996232103,24145.647058823528
Nora to Zassou,4,802,928,44644,55.66583541147132,11161.0
Nozoki Ana,13,2532,1426,288305,113.86453396524486,22177.30769230769
Nurarihyon no Mago,24,4675,2137,505923,108.21882352941176,21080.125
ONE PIECE,109,22408,2865,3783366,168.83996786861834,34709.779816513765
ONE PIECE Gakuen,9,1563,1608,249438,159.58925143953934,27715.333333333332
OTAKU na Imouto no Iru Kurashi,4,701,689,51424,73.35805991440799,12856.0
Oboreru Knife,5,907,1146,77602,85.55898566703418,15520.4
Oddman 11,2,446,1168,52387,117.45964125560538,26193.5
Ojisama to Neko,8,1336,1325,123929,92.76122754491018,15491.125
Ojojojo,1,116,693,17751,153.02586206896552,17751.0
Okami shonen wa kyo mo uso o kasaneru,5,899,1067,90456,100.61846496106786,18091.2
Okitegami Kyouko no Bibouroku,5,863,1485,108927,126.21900347624566,21785.4
"Okoshiyasu, Chitose-chan",3,392,856,28194,71.9234693877551,9398.0
Omaera Zenin Mendokusai!,9,1429,1222,129099,90.34219734079777,14344.333333333334
One Outs,20,4308,2002,589968,136.94707520891365,29498.4
One Piece,101,21521,2858,3682254,171.1005064820408,36457.960396039605
One Punch Man,30,6413,2088,453282,70.6817402151879,15109.4
Onii-sama e,2,486,1201,76269,156.9320987654321,38134.5
Oniichan Control,3,507,965,44376,87.5266272189349,14792.0
Ookami Kodomo no Ame to Yuki,3,554,798,24473,44.175090252707584,8157.666666666667
Ookumo-chan Flash Back,6,1154,1135,98735,85.55892547660312,16455.833333333332
Oomuro-ke,8,785,1037,79900,101.78343949044586,9987.5
Ore Monogatari!!,13,2481,1458,274927,110.81297863764611,21148.23076923077
Oretama,6,1069,1322,141137,132.02712815715623,23522.833333333332
Orochi Ni Totsuida Musume,5,1030,1035,65015,63.12135922330097,13003.0
Osake Wa Fuufu Ni Natte Kara,10,1457,1239,135979,93.32807137954701,13597.9
Otodoke Girl Eats,1,228,725,27857,122.1798245614035,27857.0
Otomen,16,3137,1640,333322,106.25502072043354,20832.625
Otoyomegatari,14,2806,1605,250572,89.29864575908766,17898.0
Ousama Ranking,14,2630,1208,101017,38.409505703422056,7215.5
Over Rev!,23,4393,1834,555888,126.53949465058047,24169.043478260868
Owari no Seraph,27,5275,1864,442365,83.86066350710901,16383.888888888889
Oyaji,3,612,704,23509,38.41339869281046,7836.333333333333
Oyasumi Punpun,13,2992,1958,319400,106.75133689839572,24569.23076923077
PLUTO,8,1656,1519,172354,104.07850241545894,21544.25
Pandora Hearts,24,4602,1910,484173,105.20925684485006,20173.875
Pansuto,15,2856,1751,476782,166.9404761904762,31785.466666666667
Paradise Kiss,5,908,1314,148018,163.01541850220264,29603.6
Paraiso,2,297,1399,60692,204.35016835016836,30346.0
Parasyte,10,2233,1355,201286,90.14151365875504,20128.6
Piano no Mori,26,4996,1866,573059,114.70356285028022,22040.73076923077
Platina End,14,3086,1553,232081,75.2044718081659,16577.214285714286
Pluto,8,1774,1682,193390,109.01352874859076,24173.75
Pokemon Special Adventures,19,3927,1639,572924,145.8935574229692,30153.894736842107
Ponkotsu Fuuki Iin to Skirt take ga Futekisetsu na JK no Hanashi,11,1378,1490,214142,155.40058055152394,19467.454545454544
Ponkotsu Ponko,10,1631,1358,136789,83.86817903126916,13678.9
Ponkotsu-chan Kenshouchuu,10,1967,1475,231725,117.80630401626843,23172.5
Poyopoyo Kansatsu Nikki,15,1824,1875,303251,166.25603070175438,20216.733333333334
Prison School,28,5432,1971,548754,101.02245949926362,19598.35714285714
Prunus Girl,6,1156,1464,139650,120.8044982698962,23275.0
Psyren,16,3151,1883,320258,101.63694065376072,20016.125
Pupa,3,1337,1198,84818,63.43904263275991,28272.666666666668
QQ Sweeper,3,573,1288,90337,157.6561954624782,30112.333333333332
R-Chugakusei,3,713,1115,80870,113.42215988779803,26956.666666666668
REC,15,3070,1640,456421,148.671335504886,30428.066666666666
RaW Hero,6,1038,1510,158454,152.65317919075144,26409.0
Raise wa tanin gai,7,1328,1590,166534,125.40210843373494,23790.571428571428
Ranma 1／2,38,6892,1896,710554,103.09837492745211,18698.78947368421
ReZero kara Hajimeru Isekai Seikatsu Dai-4 Shou - Seiiki to Gouyoku no Majo,7,1291,1506,152713,118.29047250193648,21816.14285714286
ReZero kara Hajimeru Isekai Seikatsu Hyouketsu no Kizuna,3,564,1051,47788,84.73049645390071,15929.333333333334
Real,15,3136,1526,230873,73.6202168367347,15391.533333333333
Real mo Tama ni wa Uso wo Tsuku,4,684,1182,91717,134.08918128654972,22929.25
Relife,15,2925,1613,353062,120.70495726495726,23537.466666666667
Rental Magica,5,929,1452,88427,95.18514531754575,17685.4
Rentaru Onichan,4,829,766,45154,54.468033775633295,11288.5
Ritou no Umi,1,132,701,16799,127.26515151515152,16799.0
Rojica to Rakkasei,3,668,1068,50350,75.37425149700599,16783.333333333332
Rozen Maiden,8,1236,1464,131669,106.52831715210355,16458.625
Rudolf Turkey,7,1473,1467,122769,83.34623217922606,17538.428571428572
Ruri,2,185,775,23320,126.05405405405405,11660.0
Ruri Dragon,2,363,972,45936,126.54545454545455,22968.0
Ryushika Ryushika,10,1384,1340,146655,105.96459537572254,14665.5
SAKAMOTO DAYS,10,1984,1773,200162,100.88810483870968,20016.2
SPY×FAMILY,13,2684,1922,376654,140.33308494783904,28973.384615384617
SS Sisters,5,922,1188,118445,128.4652928416486,23689.0
Sabishisugite Rezu Fuzoku ni Ikimashita Report,1,148,804,25676,173.48648648648648,25676.0
Saikin yatotta meido ga ayashii,6,828,888,63151,76.26932367149759,10525.166666666666
Saint Seiya,15,4679,1900,482954,103.21735413549904,32196.933333333334
Saishuu Heiki Kanojo,7,1818,1470,228421,125.64411441144114,32631.571428571428
Saiteihen no Otoko,3,603,1071,66233,109.8391376451078,22077.666666666668
Sakamichi no Apollon,9,1778,1509,190941,107.39088863892013,21215.666666666668
Sakamoto desu ga,4,865,1331,56679,65.52485549132948,14169.75
Sakura Tsuushin,22,4266,1833,506338,118.69151429910923,23015.363636363636
Same Girl,5,966,1013,57130,59.1407867494824,11426.0
Same-z,2,236,561,14058,59.567796610169495,7029.0
Sankarea,11,1955,1623,203754,104.22199488491049,18523.090909090908
"Saraba, Yoki Hi",8,1440,1458,154704,107.43333333333334,19338.0
Saturn Return,10,1877,1901,272216,145.02717101758125,27221.6
Sayonara Eri,1,201,479,12237,60.88059701492537,12237.0
Sayonara Rose Garden,3,592,1164,65430,110.52364864864865,21810.0
Sayonara Zetsubou Sensei,30,4924,2742,1127028,228.8846466287571,37567.6
School Rumble,24,4001,2247,814137,203.4833791552112,33922.375
Seishokuki,19,3853,1755,369923,96.00908383078121,19469.63157894737
Seishun Buta Yarou wa Bunny Girl Senpai no Yume wo Minai,2,309,978,36746,118.91909385113269,18373.0
Seishun Pop,6,1207,1413,135617,112.35874067937034,22602.833333333332
Seishun wa Juujuu da,2,364,969,39000,107.14285714285714,19500.0
Sekai Oni,11,2151,1835,178642,83.05067410506742,16240.181818181818
Sekai no Owari to Yoake Mae,1,281,1044,35087,124.86476868327402,35087.0
Sekai wa Owattemo Ikiru tte Tanoshii,4,682,1030,53602,78.59530791788856,13400.5
Sekitou Elegy,16,3383,1536,309650,91.531185338457,19353.125
Sennen Mannen Ringo no Ko,2,348,896,29487,84.73275862068965,14743.5
Senpai ga Uzai Kouhai no Hanashi,6,853,995,83240,97.58499413833529,13873.333333333334
Sensei no Shiroi Uso,8,1604,1248,94455,58.88715710723192,11806.875
Sensei wa koi o oshie rarenai,7,1072,1211,104825,97.78451492537313,14975.0
Servant x Service,4,610,1443,158988,260.6360655737705,39747.0
Shachiku to Yuurei,3,431,934,39271,91.11600928074246,13090.333333333334
Shadows House,13,2281,1703,288164,126.33231039017974,22166.46153846154
Shadows House [Upscaled],16,2888,1799,347275,120.24757617728532,21704.6875
Shaman King,35,6917,2028,693056,100.19603874512072,19801.6
Shamo,34,6834,1939,292698,42.82967515364355,8608.764705882353
Shiba Inuko-san,4,478,1278,78944,165.15481171548117,19736.0
Shibito no Koe wo Kiku ga Yoi,12,2229,1722,152341,68.34499775684164,12695.083333333334
Shigatsu wa Kimi no Uso,11,2190,1538,150497,68.72009132420091,13681.545454545454
Shigurui,15,3053,2256,163722,53.62659679004258,10914.8
Shikabanechou Undead,4,711,1221,61266,86.16877637130801,15316.5
Shiki,11,2166,1958,205376,94.81809787626962,18670.545454545456
Shimeji Simulation,4,556,1134,85846,154.39928057553956,21461.5
Shin Black Jack ni Yoroshiku,9,1901,1325,162507,85.4850078905839,18056.333333333332
Shin Seiki Evangelion,14,2516,1659,192065,76.33744038155803,13718.92857142857
Shinai Naru Boku e Satsui wo Komete,11,2243,1657,208474,92.94427106553722,18952.18181818182
Shindou,4,870,1216,77210,88.74712643678161,19302.5
Shingeki no Kyojin,34,6530,1985,532822,81.59601837672282,15671.235294117647
Shingetsutan Tsukihime,10,2146,1689,174946,81.52190121155638,17494.6
Shirley,2,410,817,33404,81.47317073170731,16702.0
Shiroseijo to Kurobokushi,11,1875,1495,230326,122.84053333333334,20938.727272727272
Shishunki-chan no Shitsukekata,9,1608,1412,168875,105.02176616915423,18763.88888888889
Shizuko wa Ore no Yome,3,473,1055,55164,116.62579281183932,18388.0
Shokugeki no Souma,36,7244,2608,1017863,140.51118166758698,28273.972222222223
Shoujo Shuumatsu Ryokou,4,652,870,43261,66.35122699386503,10815.25
Shounen No Abyss,8,1526,1333,116819,76.55242463958061,14602.375
Shounen no Abyss,17,3593,1589,255671,71.15808516559977,15039.470588235294
Shouwa Genroku Rakugo Shinjuu,10,1604,1883,226300,141.0847880299252,22630.0
Shuumatsu Touring,4,786,1155,63475,80.75699745547074,15868.75
Shōnan Jun'ai Gumi,31,5753,1862,829179,144.12984529810532,26747.709677419356
Silent Sinner in Blue,3,546,1254,50432,92.36630036630036,16810.666666666668
Skip to Loafer,8,1435,1402,164748,114.80696864111498,20593.5
Solanin,2,433,1107,51936,119.9445727482679,25968.0
Sono Bisque Doll wa Koi wo Suru,12,2347,1575,238011,101.41073711120579,19834.25
Sore wa Rei no Shiwaza desu,7,1209,1130,122374,101.2191894127378,17482.0
Sounan desu ka,10,1524,1577,210307,137.996719160105,21030.7
Sousou no Frieren,13,2624,1809,283116,107.89481707317073,21778.153846153848
Spirit of Wonder,1,380,975,41366,108.8578947368421,41366.0
Studio Pulp,1,162,793,19626,121.14814814814815,19626.0
Subarashii Sekai,2,434,1020,58470,134.72350230414747,29235.0
Suki na ko ga Megane o Wasureta,8,1120,1076,104723,93.50267857142858,13090.375
Suki x Suki,2,384,902,42491,110.65364583333333,21245.5
Summer Time Render,13,2575,1631,234819,91.19184466019418,18063.0
Sun-ken Rock,25,5093,1978,309631,60.795405458472416,12385.24
Sundome,8,1672,1656,225270,134.73086124401914,28158.75
Super no Ura de Yani Suu Futari,4,819,983,82723,101.004884004884,20680.75
Sute gataki senshū Sen geba no musume pūko ashura kanketsu-hen,1,275,1093,44025,160.0909090909091,44025.0
Switch Witch,6,1206,1330,109893,91.12189054726367,18315.5
Taishou Yakyuu Musume,5,1014,1609,105450,103.99408284023669,21090.0
Taki Anna,2,304,714,31867,104.82565789473684,15933.5
Takopi no Genzai,2,432,769,36194,83.7824074074074,18097.0
Tanaka-kun wa Itsumo Kedaruge,10,1674,1650,267219,159.6290322580645,26721.9
Tapris Sugar Step,3,443,880,44172,99.71106094808127,14724.0
Tasogare Otome x Amnesia,10,1969,1542,198946,101.0391061452514,19894.6
Tatoe Todokanu Ito da to Shite mo,7,1241,1337,116554,93.91941982272361,16650.571428571428
Tegami Bachi,20,3957,1839,461937,116.73919636087946,23096.85
Telework Yotabanashi,1,196,963,28162,143.68367346938774,28162.0
Tengoku Daimakyou (Upscaler),8,1585,1489,128412,81.01703470031546,16051.5
Tenjou Tenge,22,4582,2220,386609,84.37560017459624,17573.136363636364
Tenju no Kuni,5,786,1180,53270,67.7735368956743,10654.0
Tenkuu Shinpan,21,4255,1687,443814,104.30411280846063,21134.0
Tenkuu no Tobira,18,3072,2174,415817,135.35709635416666,23100.944444444445
Tensei Shitara Slime Datta Ken,25,5159,2429,714881,138.569684047296,28595.24
Tenshi Kinryouku,20,3924,2084,539675,137.53185524974515,26983.75
Teppuu,8,1615,1338,100529,62.247058823529414,12566.125
Terumina,4,702,1735,97564,138.980056980057,24391.0
Tetsuwan Birdy,21,4507,2078,608650,135.04548480142,28983.333333333332
Tetsuwan Birdy Evolution,15,2901,2013,434614,149.81523612547397,28974.266666666666
The Fable,22,4616,1601,327827,71.01971403812826,14901.227272727272
The Voynich Hotel,3,599,1266,73620,122.90484140233723,24540.0
Thermae Romae,6,1175,1797,188449,160.38212765957448,31408.166666666668
Theseus no Fune,10,1924,1496,159557,82.92983367983368,15955.7
Tokyo Ghoul,14,2968,2082,335373,112.99629380053908,23955.214285714286
Tokyo Ghoul re,16,3744,2284,448094,119.6832264957265,28005.875
Tokyo Kaido,3,759,1064,54245,71.46903820816864,18081.666666666668
Tokyo Revengers,29,4688,1875,346852,73.98720136518772,11960.413793103447
Tokyo kakugeki,1,187,863,20639,110.36898395721926,20639.0
Tomie,1,254,829,30614,120.5275590551181,30614.0
Tomo-chan wa Onnanoko,8,1216,1388,192542,158.34046052631578,24067.75
Tomodachi Game,15,2947,1666,401109,136.10756701730574,26740.6
Tonari Wa Nani Wo Kuu Hito Zo,3,586,1219,112896,192.65529010238907,37632.0
Tonari no Furi-san ga Tonikaku Kowai,5,663,1163,99905,150.68627450980392,19981.0
Tonari wa Nani wo Kuu Hito Zo Horoyoi,10,1886,1621,297131,157.5455991516437,29713.1
Tongari Boshi no Atorie,11,2073,1620,197025,95.04341534008682,17911.363636363636
Tongari Boushi no Atelier,9,1644,1556,162810,99.03284671532846,18090.0
Tongari Boushi no Atelier (Upscale),13,2465,1744,237236,96.24178498985802,18248.923076923078
Tonikaku Kawaii,23,4557,2008,608072,133.43691024797016,26437.91304347826
Toriko,43,8686,2374,1209861,139.28862537416532,28136.302325581397
Totsukuni no Shoujo,10,1479,1255,108428,73.31169709263015,10842.8
Touhou Sangetsusei Strange Deity,3,485,1239,63409,130.74020618556702,21136.333333333332
Touhou Sangetsusei Visionary,3,335,1201,59363,177.20298507462687,19787.666666666668
Touhou Suichouka Lotus Eater-tachi no Suisei,5,912,1407,71929,78.86951754385964,14385.8
Touhou Wild and Horned Hermit,10,1578,1872,185084,117.29024081115335,18508.4
True Love,7,1359,1207,115425,84.93377483443709,16489.285714285714
Tsukiatte Agetemo Ii ka na,9,1240,1435,256763,207.06693548387096,28529.222222222223
"Tsuma, Shougakusei ni Naru",14,2569,1526,264974,103.14285714285714,18926.714285714286
Tsumi ni Nureta Futari,18,3390,1517,256634,75.7032448377581,14257.444444444445
Tsumi no Koe,3,654,1287,72452,110.78287461773701,24150.666666666668
Tsurezure Children,12,1779,1456,333226,187.31084879145587,27768.833333333332
Tsurumaki Machi Natsu Jikan,1,212,765,28812,135.9056603773585,28812.0
Tsurumoku Dokushin Ryou,11,2385,1683,327407,137.2775681341719,29764.272727272728
U12,9,1879,1429,135602,72.16711016498137,15066.888888888889
Uchu yori mo toi basho,3,484,1029,43272,89.40495867768595,14424.0
Umareru Kachi no Nakatta Jibun,3,534,916,49822,93.29962546816479,16607.333333333332
Umi ga Hashiru End Roll,6,994,1253,99450,100.0503018108652,16575.0
Umibe no Onnanoko,2,419,1012,39869,95.1527446300716,19934.5
Uri o Waru,7,1164,1261,113133,97.19329896907216,16161.857142857143
Urusei Yatsura,34,6272,1973,880252,140.34630102040816,25889.764705882353
Usagi no Furafura,2,306,726,19259,62.93790849673203,9629.5
Usemono Yado,1,190,713,19610,103.21052631578948,19610.0
Ushio to Tora,27,4763,2220,649657,136.39659878228008,24061.37037037037
Usogui,43,8930,2554,1037044,116.13034714445689,24117.302325581397
Usotsuki Paradox,10,1976,1387,197065,99.72925101214575,19706.5
Usuzumi no Hate,2,456,943,33352,73.14035087719299,16676.0
UsuzumiNoHate,1,192,717,17720,92.29166666666667,17720.0
Uzumaki,3,647,1091,70544,109.03245749613602,23514.666666666668
Vagabond,37,7798,2013,393193,50.42228776609387,10626.837837837838
Vampire Knight,20,3823,1995,416062,108.8312843316767,20803.1
Vanilla Spider,3,585,834,45291,77.42051282051283,15097.0
Vanitas no Shuki,10,2334,1674,210764,90.30162810625535,21076.4
Vinland Saga,26,5219,1852,426452,81.71143897298333,16402.0
Vivarium de Choushoku wo,1,200,708,16514,82.57,16514.0
WORKING!!,13,1933,1717,460375,238.16606311433006,35413.46153846154
Wallman,3,674,1058,40355,59.87388724035608,13451.666666666666
Watakushi no Shonen,9,1497,1437,161984,108.2057448229793,17998.222222222223
Watamote,26,3957,2097,673793,170.27874652514532,25915.115384615383
Watashi ni Tenshi ga Maiorita!,12,1919,1300,225517,117.51797811360083,18793.083333333332
Watashi no Kobushi wo Uketomete!,4,708,915,71101,100.42514124293785,17775.25
Watashi no shiawasena kekkon,3,554,1186,54347,98.09927797833934,18115.666666666668
Worlds End Harem,18,3288,1858,312016,94.89537712895377,17334.222222222223
Wotaku ni Koi wa Muzukashii,11,1470,1493,203706,138.57551020408164,18518.727272727272
Yagate Kimi ni Naru,8,1503,1230,116036,77.20292747837658,14504.5
Yaiteru Futari,11,1820,1391,189855,104.31593406593407,17259.545454545456
Yakedo Shoujo,4,708,901,48292,68.2090395480226,12073.0
YamadaKun To 7Nin No Majo,5,985,1116,131122,133.1187817258883,26224.4
Yamikin Ushijima-kun,46,9828,2412,1061803,108.03856328856328,23082.67391304348
Yankee JK Kuzuhana-chan,13,2084,1504,298341,143.15786948176583,22949.30769230769
Yesterday wo Utatte,11,2500,1640,301569,120.6276,27415.363636363636
YoRHa yoruha shinjuwan kouka sakusen kiroku,3,549,970,40800,74.31693989071039,13600.0
Yofukashi no Uta,20,4024,1543,426353,105.95253479125249,21317.65
Yomawari Sensei,9,1790,1509,172163,96.1804469273743,19129.222222222223
"Yondemasu Yo, Azazel-San",10,1816,1871,343576,189.19383259911893,34357.6
Yoshifumi to Karaage,6,880,1471,147479,167.58977272727273,24579.833333333332
Yotsuba to!,15,3290,1213,226273,68.7759878419453,15084.866666666667
Youchien Wars,4,784,990,51266,65.39030612244898,12816.5
Youjo Senki,29,5061,2596,817535,161.5362576565896,28190.862068965518
Youkaku no Majoromi,2,338,732,31885,94.33431952662721,15942.5
Youkoso Jitsuryoku Shijou Shugi no Kyoushitsu e,12,1880,1697,237227,126.1845744680851,19768.916666666668
Yuru Camp△,14,2558,1746,264940,103.57310398749023,18924.285714285714
Yuusha Goikkou no Kaerimichi,1,56,349,5466,97.60714285714286,5466.0
Zashiki Musume to Ryourinin,4,816,1335,118510,145.2328431372549,29627.5
Zeikin de Katta Hon,6,1073,1291,138474,129.05312208760483,23079.0
Zenbu Bukkowasu,6,1158,1458,112764,97.37823834196891,18794.0
Zero Kage Miko,7,1293,1237,83932,64.91260634184069,11990.285714285714
Zettai Watashi no Koto Suki Daro,4,144,461,14426,100.18055555555556,3606.5
[Oshi no Ko],14,2868,1913,328106,114.4023709902371,23436.14285714286
averga,15,2606,1740,263578,101.14274750575595,17571.866666666665
citrus,10,1675,1279,152441,91.00955223880597,15244.1
citrus+,6,842,1009,82860,98.40855106888361,13810.0
inuyasha,39,7422,2296,659793,88.89692805173807,16917.76923076923
mokuro,8,1511,1326,159406,105.49702183984117,19925.75
not simple,1,323,578,22392,69.3250773993808,22392.0
shimeji_simulation_5,1,139,727,19252,138.50359712230215,19252.0
test2,2,274,785,29600,108.02919708029196,14800.0
unCassandra,2,383,959,31603,82.51436031331593,15801.5
の、ような,7,1183,1202,147075,124.32375316990702,21010.714285714286
めだかボックス,21,4124,2443,830107,201.2868574199806,39528.90476190476
ケントゥリア v01,1,198,554,11777,59.47979797979798,11777.0
ワンパンマン,29,6175,2064,444791,72.03093117408906,15337.620689655172
僕の心のヤバイ奴,2,338,942,40214,118.97633136094674,20107.0
